sp,Rusty_blackbird,Cardinal,Blac.capped_chickadee,Mourning_dove,Carpodacus_purpureus,Yellow.shafted_flicker,Common_grackle,Dark.eyed_junco,Mimus_polyglottos,American_robin,Sturnus_vulgaris,White.throated_sparrow,Hermit_thrush,Tufted_titmouse,Pipilo_erythophtalmus,Yellow.rumped_warbler,Bombycilla_cedrorum,Downy_woodpecker,Hairy_woodpecker,Red_bellied_woodpecker,Vireo_olivaceus
Cornus_florida,0,0.0030534351145038168,0,0,0.0030534351145038168,0.0015267175572519084,0.13740458015267176,0.07786259541984733,0.0015267175572519084,0.16793893129770993,0,0.01984732824427481,0.00916030534351145,0.0015267175572519084,0.0015267175572519084,0,0,0,0,0,0.0015267175572519084
Vitis_spp.,0,0.015267175572519083,0,0.0015267175572519084,0,0,0.1099236641221374,0,0,0.025954198473282442,0,0.0061068702290076335,0,0.0015267175572519084,0,0,0,0,0,0.0030534351145038168,0
Rhus_radicans,0,0,0.024427480916030534,0,0,0.0015267175572519084,0,0.015267175572519083,0.0015267175572519084,0,0,0.0015267175572519084,0,0.004580152671755725,0,0.03816793893129771,0,0.012213740458015267,0.004580152671755725,0.0030534351145038168,0
Celastrus_orbiculatus,0.0015267175572519084,0.01984732824427481,0,0,0,0,0,0.042748091603053436,0.0061068702290076335,0.004580152671755725,0.004580152671755725,0.04885496183206107,0.004580152671755725,0.004580152671755725,0,0,0.0061068702290076335,0,0,0,0
Lindera_benzoin,0,0.0015267175572519084,0,0.0015267175572519084,0,0,0,0,0,0.03206106870229008,0,0.030534351145038167,0.0015267175572519084,0,0,0,0,0,0,0,0
Smilax_rotundifolia,0,0.00916030534351145,0,0,0,0,0,0,0.0015267175572519084,0,0,0.04122137404580153,0,0,0,0,0,0,0,0,0
Lonicera_japonica,0,0.0030534351145038168,0,0,0,0,0,0.0015267175572519084,0,0,0,0.0366412213740458,0,0,0,0,0,0,0,0,0
